21788,88376,89189
28842,82351,88807
33168,73659,93173
33174,78800,88026
33188,76770,90042
34104,79439,86457
35042,79185,85773
35322,80295,84383
35422,76454,88124
35605,79430,84965
35675,81819,82506
35725,79256,85019
36054,80047,83899
36522,77706,85772
37032,80582,82386
37293,76330,86377
37510,78703,83787
37567,80265,82168
38194,79713,82093
38227,76057,85716
38234,80032,81734
38330,75856,85814
38407,70766,90827
40103,77402,82495
40598,75344,84058
42902,76753,80345
43786,71182,85032
43951,74299,81750
46183,71847,81970
48211,67514,84275
51466,69378,79156
51919,71194,76887
54332,69011,76657
55625,68876,75499
55974,71690,72336
59356,61730,78914
59752,67260,72988
60100,64894,75006
61420,69134,69446
61851,62214,75935
4,14342,87290,98364
9,7669,93807,98515
14,11004,89097,99885
18,18817,84889,96276
26,11310,89655,99009
28,14215,89001,96756
30,11857,91534,96579
58,8746,91855,99341
59,1987,98502,99452
79,3788,96222,99911
98,5441,95102,99359
150,19786,88825,91239
151,7216,93353,99280
174,1247,98978,99601
207,3968,96734,99091
250,28067,83986,87697
258,13286,89754,96702
274,18753,87128,93845
288,14834,91440,93247
294,3313,96688,99705
299,27820,85157,86549
320,2557,97799,99324
321,10014,90317,99348
331,11531,92299,95839
365,17570,89508,92557
368,14801,84860,99971
377,24811,84550,90262
381,14078,87613,97928
398,39484,66599,93519
410,4953,95171,99466
418,16417,84533,98632
434,7222,92598,99746
436,7139,93731,98694
437,9142,90915,99506
472,13337,89242,96949
482,16248,87425,95845
500,39839,71713,87934
508,9827,91117,98548
513,6191,94688,98608
532,21243,88039,90173
547,11598,89867,97988
558,8832,94431,96179
567,11896,89007,98530
585,28461,83784,87170
587,7533,93457,98423
592,15553,91200,92580
605,10890,89623,98882
609,11666,89966,97759
611,1643,98266,99480
621,21270,80160,97949
627,20508,89186,89679
628,29929,80291,89152
646,26591,75147,97616
647,6180,95099,98074
651,2803,97074,99472
655,2266,97357,99722
656,23334,82618,93392
659,11869,89804,97668
665,13871,86413,99051
672,30484,79417,89427
700,8581,94024,96695
731,30598,74341,94330
740,12495,90211,96554
763,6857,93843,98537
764,43678,75771,79787
775,27253,82457,89515
804,14617,89925,94654
819,26435,79972,92774
821,55222,68821,75136
823,10981,92065,96131
824,27498,76207,95471
838,13966,87478,97718
843,20605,82480,96072
860,6802,95534,96804
867,7103,94632,97398
882,11405,89102,98611
883,50708,65845,82564
909,46776,70990,81325
920,14848,85635,98597
927,23389,80026,95658
928,2157,97421,99494
954,22187,83149,93710
972,14437,92150,92441
976,44322,70828,83874
978,16221,84388,98413
990,7551,92468,98991
994,6387,94258,98361
1001,10818,90078,98103
1023,4998,94629,99350
1053,35666,72893,90388
1056,15128,85740,98076
1087,17086,82309,99518
1095,10145,89127,99633
1096,32479,71879,94546
1098,6837,92972,99093
1103,11374,92639,94884
1114,9210,90505,99171
1117,9732,93746,95405
1120,12757,89613,96510
1127,22601,86319,89953
1156,3427,95996,99421
1159,7897,92733,98211
1163,11387,88689,98761
1169,9130,94703,94998
1170,13507,87622,97701
1172,5231,95462,98135
1198,3591,95341,99870
1209,23997,84536,90258
1215,5196,95574,98015
1217,5407,93724,99652
1227,8250,94454,96069
1228,14337,87640,96795
1235,4996,95685,98084
1239,15071,88312,95378
1248,4116,94743,99893
1249,15261,87257,96233
1252,7851,93250,97647
1258,16315,85454,96973
1285,4712,96088,97915
1291,25090,80383,93236
1293,50169,67600,80938
1294,2337,97309,99060
1296,4301,94645,99758
1301,2138,97416,99145
1306,5347,94608,98739
1307,18769,82778,97146
1311,24713,82162,91814
1323,2957,96320,99400
1324,36348,73884,88444
1325,4668,94871,99136
1353,28828,80200,89619
1355,27975,82238,88432
1384,3684,95817,99115
1412,12506,87185,98897
1427,10953,90333,97287
1435,15815,86270,96480
1444,15103,87509,95944
1445,15154,90923,92478
1466,7012,92855,98667
1473,1808,97181,99538
1510,16993,86985,94512
1513,22735,79243,96509
1520,15207,86367,96906
1521,2599,96229,99651
1525,26264,83883,88328
1535,23160,85517,89788
1541,17838,86807,93814
1550,15009,91275,92166
1558,36266,72624,89552
1571,4262,96332,97835
1577,4731,94711,98981
1593,15915,87371,95121
1618,4269,95409,98704
1626,27429,75804,95141
1661,20684,80198,97457
1687,24714,75018,98581
1689,10783,93487,93726
1690,9350,89398,99562
1696,8271,90338,99695
1706,5615,92966,99713
1712,22006,82725,93557
1717,21249,85374,91660
1741,3708,95595,98956
1747,21045,83649,93559
1763,14756,86594,96887
1768,27488,77461,93283
1775,10456,92155,95614
1781,13473,85712,99034
1785,8745,92191,97279
1800,3121,95238,99841
1819,26402,83022,88757
1835,5865,93690,98610
1847,22377,82629,93147
1855,18372,86041,93732
1876,61116,65327,71681
1877,5764,92607,99752
1890,16783,87698,93629
1901,3337,95382,99380
1919,16749,81693,99639
1928,17290,82051,98731
1941,3459,96570,98030
1955,10004,88643,99398
1991,15433,83359,99217
2015,5152,93313,99520
2016,16865,89191,89585
2033,14591,88618,94758
2035,15719,84028,98218
2037,9131,94026,94806
2051,30181,75503,92265
2074,19236,84390,94300
2098,18622,84555,94725
2101,34928,73893,89078
2103,13758,86610,97529
2121,6432,93908,97539
2123,6612,95173,96092
2143,7300,92494,98063
2158,5324,94995,97523
2161,8675,91882,97282
2178,12400,87702,97720
2228,8947,91717,97108
2234,12330,87578,97858
2252,21669,87034,89045
2282,18035,84326,95357
2292,5245,94340,98123
2293,22862,78690,96155
2295,4493,93906,99306
2339,5517,93320,98824
2358,12132,92259,93251
2379,18970,83882,94769
2382,18260,86279,93079
2385,10475,88232,98908
2406,14833,85331,97430
2407,14004,84899,98690
2417,21709,83885,91989
2420,15465,87511,94604
2446,20070,84224,93260
2450,35750,77803,83997
2494,7857,92433,97216
2526,18330,83479,95665
2536,4304,95475,97685
2546,35191,78043,84220
2553,11745,89584,96118
2566,6800,93102,97532
2569,12985,86572,97874
2588,8335,89588,99489
2595,27063,74477,95865
2596,3587,93927,99890
2598,5736,92940,98726
2605,23135,82257,92003
2610,2992,94426,99972
2613,5356,92593,99438
2617,3539,96578,97266
2625,6624,91671,99080
2652,11149,88356,97843
2658,32832,70920,93590
2668,10107,88117,99108
2696,6139,94535,96630
2713,11810,88115,97362
2746,6219,93068,97967
2748,7210,93419,96623
2769,23158,79926,94147
2773,10627,93023,93577
2851,17091,86072,93986
2854,41559,61330,94257
2856,14310,86893,95941
2861,12552,86368,98219
2869,22541,81254,93336
2872,14055,85771,97302
2882,15800,82515,98803
2884,5481,94721,96914
2900,9335,89994,97771
2911,5030,92776,99283
2916,16651,89484,90949
2922,10363,90525,96190
2927,28769,78966,89338
2953,5143,93468,98436
2960,35381,76785,84874
2977,33144,74222,89657
2982,24532,84625,87861
3003,5952,92589,98456
3007,5385,94004,97604
3014,5824,91164,99998
3033,3236,96080,97651
3041,10720,88642,97597
3044,14235,84504,98217
3053,11514,86875,98558
3063,7179,92047,97711
3077,19005,80324,97594
3108,24286,80037,92569
3122,12416,84635,99827
3124,30274,74342,92260
3134,10870,90605,95391
3137,7231,90627,99005
3139,10172,88155,98534
3150,9379,90402,97069
3166,14852,86942,95040
3177,14117,85437,97269
3184,35795,75629,85392
3194,7772,89100,99934
3204,6166,91462,99168
3211,16777,85346,94666
3213,7773,91504,97510
3233,23478,83551,89738
3243,3555,94135,99067
3252,11456,88451,96841
3253,27391,80092,89264
3261,13934,87764,95041
3292,17665,83910,95133
3321,6175,92308,98196
3333,4298,95083,97286
3339,17881,83793,94987
3370,52201,68202,76227
3385,5344,92896,98375
3394,8596,92715,95295
3401,6336,91727,98536
3409,39197,65366,92028
3425,4065,93451,99059
3433,12233,91080,93254
3437,24124,79082,93357
3444,31025,72149,93382
3448,46038,74583,75923
3453,58513,63938,74096
3456,7758,89144,99642
3487,27160,77523,91830
3488,38131,72739,85642
3503,20250,84754,91493
3511,38344,70717,87428
3514,4074,95411,97001
3518,10911,90990,94581
3534,28360,78310,89796
3542,18942,81781,95735
3550,11125,88800,96525
3559,14603,84700,97138
3566,35026,73640,87768
3570,58776,66566,71088
3572,8323,89723,98382
3620,33025,77470,85885
3652,11244,85449,99655
3656,13022,85727,97595
3660,5658,90822,99860
3666,60006,64848,71480
3714,26068,77982,92236
3722,5405,91109,99764
3740,7490,92981,95789
3763,19903,84631,91703
3764,13318,85990,96928
3776,29166,73935,93123
3799,49249,52010,94942
3886,11994,85908,98212
3890,20822,81932,93356
3893,25582,83988,86537
3895,5870,93683,96552
3901,10452,87937,97710
3909,12309,86307,97475
3910,15469,85787,94834
3912,23631,78764,93693
3969,11124,87042,97865
3970,8128,90332,97570
3979,16826,87834,91361
3991,6790,91926,97293
4000,20034,82012,93954
4006,24090,84929,86975
4011,8758,92041,95190
4022,21288,86384,88306
4049,8270,91788,95893
4056,12606,84479,98859
4076,52560,62921,80443
4087,5417,90914,99582
4090,23356,82722,89832
4095,53885,69651,72369
4100,9153,92089,94658
4109,9538,87604,98749
4132,18066,77892,99910
4136,31900,72113,91851
4138,16466,86312,93084
4142,8018,89026,98814
4150,20984,79024,95842
4184,25308,82937,87571
4187,10765,90596,94452
4192,12246,86630,96932
4201,23217,77240,95342
4205,43257,68385,84153
4211,5894,92019,97876
4214,6240,91062,98484
4229,13251,83846,98674
4243,7495,89529,98733
4308,19334,84353,92005
4312,4636,91492,99560
4335,19322,80492,95851
4344,32431,67745,95480
4359,6703,89642,99296
4361,6715,89519,99405
4366,9688,87943,98003
4370,5071,90761,99798
4374,4951,92991,97684
4381,13628,85551,96440
4416,29572,75079,90933
4421,4719,91862,98998
4440,23531,81861,90168
4473,11519,87480,96528
4503,10392,87807,97298
4525,15854,89636,89985
4527,20374,79551,95548
4540,16302,86660,92498
4548,5554,92144,97754
4561,9641,88003,97795
4562,16359,85273,93806
4596,19157,85485,90762
4598,7472,90965,96965
4602,16250,88088,91060
4609,7391,88326,99674
4614,19269,83541,92576
4620,23839,84707,86834
4621,47532,69788,78059
4634,17822,87534,90010
4646,16300,82542,96512
4654,6082,93214,96050
4658,17589,86731,91022
4659,15453,82751,97137
4662,14615,85376,95347
4664,11753,87119,96464
4694,12905,89072,93329
4718,11230,85408,98644
4735,8276,93350,93639
4736,10421,86869,97974
4756,27569,73255,94420
4764,37182,72362,85692
4766,26614,73911,94709
4781,21883,79112,94224
4799,17120,87210,90871
4809,11770,84386,99035
4813,10775,88663,95749
4820,9991,86452,98737
4830,14939,84868,95363
4854,24068,80384,90694
4859,17456,87338,90347
4868,11951,88071,95110
4871,37566,67893,89670
4874,9593,89022,96511
4875,25677,81831,87617
4907,6348,90670,98075
4910,44249,64916,85925
4915,5411,91467,98207
4918,33820,70476,90786
4942,5165,93688,96205
4944,31752,78898,84406
4946,25732,82641,86681
4949,17510,87408,90133
4956,41349,76340,77355
4963,8858,90853,95326
4969,19663,80451,94917
4991,10927,88046,96036
4994,16404,82622,95980
5001,10133,86294,98572
5007,8322,90644,96027
5033,7833,88853,98281
5034,13991,84780,96195
5044,8126,90094,96736
5052,10482,86395,98071
5054,17626,82491,94829
5083,9424,90070,95423
5111,5567,90164,99158
5112,23378,85006,86504
5119,33552,74313,87016
5121,13070,85194,96615
5132,9721,87944,97203
5134,12666,85228,96972
5168,5678,91449,97705
5197,25065,75563,94175
5249,8974,91294,94483
5250,26763,79986,88001
5254,20802,81412,92532
5279,14360,84235,96126
5287,17137,83729,93847
5297,13674,83190,97839
5321,32809,64615,97255
5326,37860,70207,86607
5345,26076,78663,89916
5351,30571,72789,91289
5358,23958,79241,91443
5368,15495,85779,93358
5376,12566,84414,97644
5408,10271,86309,98012
5418,8278,87149,99155
5422,46738,68982,78117
5426,9999,85038,99537
5440,10088,84514,99958
5447,6746,92621,95186
5449,8613,88938,97000
5458,6382,93532,94628
5461,8370,87516,98653
5463,20346,83538,90653
5494,22211,76943,95352
5498,16149,82517,95836
5536,20983,84563,88918
5552,43519,65550,85379
5559,6591,91419,96431
5571,20194,81359,92876
5577,10483,86381,97559
5601,7831,87101,99467
5606,16748,83605,94041
5621,12458,86919,95002
5630,17668,82926,93776
5646,11765,89179,93410
5647,28159,76574,89620
5661,28121,82781,83437
5663,19055,78729,96553
5688,14023,82448,97841
5706,9752,91785,92757
5711,6053,89363,98873
5739,7353,88386,98522
5765,11577,87289,95369
5788,13075,86033,95104
5808,23090,82837,88265
5843,14426,86939,92792
5848,47261,66084,80807
5889,7746,87010,99355
5890,20630,80178,93302
5918,7790,86648,99644
5927,17399,85271,91403
5933,13905,85803,94359
5937,28551,73964,91548
5957,13665,86075,94303
5970,6668,92998,94364
5979,8218,91305,94498
5999,50138,67570,76293
6030,11736,90170,92064
6035,56471,67582,69912
6037,26434,74886,92643
6040,34524,69693,89743
6078,6730,87946,99246
6098,18599,79214,96089
6119,6749,88077,99055
6131,26008,75836,92025
6134,8049,88002,97815
6159,19862,80273,93706
6164,20801,80568,92467
6182,19202,76596,98020
6198,10156,85526,98120
6226,31406,74825,87543
6229,11907,83818,98046
6237,13617,87882,92264
6241,11947,86097,95715
6244,12283,83336,98137
6245,25404,77980,90371
6313,12706,83164,97817
6319,7548,90562,95571
6320,27207,74717,91756
6331,17999,86227,89443
6335,29226,70552,93887
6366,39919,72411,81304
6369,22246,84500,86885
6376,27149,80048,86427
6378,25815,72942,94865
6422,41604,64423,87551
6457,19682,83035,90826
6465,36395,74757,82383
6482,7444,87932,98142
6486,18854,86902,87758
6523,20956,81307,91214
6541,25235,80680,87544
6550,8988,87662,96800
6596,19430,75660,98314
6605,6939,90382,96074
6617,24181,80946,88256
6631,12581,87553,93235
6670,32232,75652,85446
6675,33928,70930,88467
6689,14866,82316,96129
6705,12683,86218,94394
6725,21166,76553,95556
6745,17347,84567,91341
6765,8299,87869,97067
6782,34400,70269,88549
6796,7150,87767,98287
6807,7734,90492,94967
6812,46521,65301,81366
6815,36809,73548,82828
6824,29348,78386,85442
6863,62497,63389,67251
6879,21573,80600,90948
6915,8751,86200,98134
6950,10229,86451,96370
6961,13883,82081,97075
6984,8208,86728,98080
7013,12238,82158,98591
7029,18991,79561,94419
7049,12932,88648,91371
7052,11121,83802,98025
7061,17188,83709,92042
7075,19344,80727,92854
7080,17552,86876,88492
7087,12601,85341,94971
7101,24579,78280,90040
7112,17288,81487,94113
7126,14322,85703,92849
7154,13096,84480,95270
7173,47935,67320,77572
7184,33028,77474,82314
7194,19451,80254,93101
7234,24865,83608,84293
7235,26027,72925,93813
7251,40081,69444,83224
7256,11439,84958,96347
7262,47495,49809,95434
7271,26341,76810,89578
7288,29925,73341,89446
7308,18406,79607,94679
7318,10069,88439,94174
7319,12698,88646,91337
7326,13932,81099,97643
7331,25485,78252,88932
7333,26478,71753,94436
7338,7981,85864,98817
7371,43706,73422,75501
7375,48221,50004,94400
7382,37115,65994,89509
7400,19153,82170,91277
7403,18741,86629,87227
7409,48117,71927,72547
7429,27916,80739,83916
7439,8036,90011,94514
7441,36250,71782,84527
7445,32189,71548,88818
7460,13077,88384,91079
7482,25587,77395,89536
7513,22031,80238,90218
7517,14927,87419,90137
7535,20742,76346,95377
7560,7910,86437,98093
7575,20059,75558,96808
7609,9231,85608,97552
7619,21405,82031,88945
7624,21283,74196,96897
7658,18407,80854,93081
7663,30968,70901,90468
7668,53329,68899,70104
7675,35307,74834,82184
7728,23423,74851,93998
7730,24078,78333,89859
7736,46647,60018,85599
7759,8089,87241,96911
7784,28043,70652,93521
7816,14104,80139,97941
7861,36996,77138,78005
7878,15652,86417,90053
7885,26572,79416,86127
7903,8573,84297,99227
7909,9251,91208,91632
7942,16553,77791,97714
7960,40246,62704,89090
7988,18804,81503,91705
7996,16743,82049,93212
8016,24034,81159,86791
8024,40658,67150,84168
8050,42439,65779,83732
8064,20653,77141,94142
8071,10758,83138,98033
8101,9607,84047,98245
8104,30934,75027,85935
8135,11043,85188,95634
8136,10500,83949,97415
8138,16153,79890,95819
8140,43503,70209,78148
8149,44266,50940,96645
8161,23792,73732,94315
8162,36366,71191,84281
8275,11992,85887,93846
8281,18881,82465,90373
8287,18014,74934,98765
8343,30982,74123,86552
8405,23534,83047,85014
8422,40306,65571,85701
8434,23656,79662,88248
8443,13248,82364,95945
8469,10153,87495,93883
8470,19829,84628,87073
8479,21307,75120,95094
8490,54739,62086,74685
8491,32743,71971,86795
8498,30493,71013,89996
8509,15010,79436,97045
8511,20680,82574,88235
8530,33739,70343,87388
8540,43666,63219,84575
8559,27367,76064,88010
8570,15637,79931,95862
8576,37984,73674,79766
8606,13027,80867,97500
8608,27892,79538,83962
8609,34992,71963,84436
8620,10651,84976,95753
8627,9565,82085,99723
8658,9252,87802,94288
8663,17993,76375,96969
8682,13968,81228,96122
8691,22979,79261,89069
8704,9308,87514,94474
8706,50057,67775,73462
8713,37361,67301,86625
8734,21452,79618,90196
8739,15798,87600,87863
8763,29532,69553,92152
8765,17478,86745,87012
8766,22801,81087,87346
8772,19249,78111,93868
8776,39424,67409,84391
8806,29259,78471,83464
8812,12442,81230,97493
8834,12526,84426,94214
8849,30288,71502,89361
8865,36864,66354,87917
8867,29370,71102,90661
8882,47530,70391,73197
8885,15252,80402,95461
8927,21245,77633,92195
8929,12721,82671,95679
8954,21466,76535,93045
8989,16696,84861,89454
9021,18069,85149,87761
9025,18081,81643,91251
9042,19642,73297,98019
9056,11619,82270,97055
9068,29634,69055,92243
9069,29766,74952,86213
9099,42043,51546,97312
9115,20747,75647,94491
9121,29420,63276,98183
9151,12422,82402,96025
9176,27550,65522,97752
9184,9484,82915,98417
9207,36111,76159,78523
9214,25837,78362,86587
9238,17483,76508,96771
9249,17869,78873,94009
9250,11540,81813,97397
9264,19689,79154,91893
9286,16015,83156,91543
9293,25046,70756,94905
9305,14860,87658,88177
9347,17854,75033,97766
9351,44428,65109,81112
9354,34406,64650,91590
9358,9973,85949,94720
9393,16944,84650,89013
9397,27192,76705,86706
9415,13270,82708,94607
9428,10871,82547,97154
9460,17422,84171,88947
9462,18324,77944,94270
9463,19245,83213,88079
9477,16154,86696,87599
9486,36316,67031,87167
9489,24158,78125,88228
9491,27044,74116,89349
9496,14703,79163,96638
9521,40457,71700,78322
9547,18779,78499,93175
9564,30273,68831,91332
9570,46914,49603,93913
9580,31922,69026,89472
9601,12747,83423,94229
9606,21346,75356,93692
9613,13670,84300,92417
9616,30057,77091,83236
9618,35880,65615,88887
9632,37443,71711,81214
9635,16676,85301,88388
9651,25891,75798,88660
9653,21012,83394,85941
9661,42063,51070,97206
9679,20624,76774,92923
9682,15796,82639,91883
9738,23461,76424,90377
9745,24618,72030,93607
9796,28221,73220,88763
9808,50060,66037,74095
9816,53796,64122,72266
9821,31762,78315,80102
9864,37577,72228,80331
9885,29957,76990,83168
9892,27969,76967,85172
9904,22865,82844,84387
9919,22654,74699,92728
9921,33382,73421,83276
9932,17829,76635,95604
9943,21949,82164,85944
9945,11340,84521,94194
9949,11017,84969,94065
9953,33196,66852,89999
9976,14994,83000,92030
9978,52175,67740,70107
9987,16891,85142,87980
9992,53300,62384,74324
10017,24757,72268,92958
10032,18185,78693,93090
10049,18404,83207,88340
10090,35669,71721,82520
10104,12413,85253,92230
10106,17194,82287,90413
10115,47690,69650,72545
10123,16597,81066,92214
10125,50937,62089,76849
10134,17121,80585,92160
10136,16790,77790,95284
10139,24357,81345,84159
10149,13896,78724,97231
10165,16393,80031,93411
10179,11637,85558,92626
10183,13265,83445,93107
10217,42634,51093,96056
10223,13217,82365,94195
10236,14299,79781,95684
10249,20440,74558,94753
10266,47809,58301,83624
10276,42906,72808,74010
10279,39796,63839,86086
10289,10888,80839,97984
10367,39601,69216,80816
10378,14338,81161,94123
10405,26934,76199,86462
10424,19998,77948,91630
10436,10669,81062,97833
10444,11979,83862,93715
10450,15022,79025,95503
10457,17612,83023,88908
10470,13548,85109,90873
10478,16105,82712,90705
10527,11885,85313,92275
10532,27047,73915,88506
10535,40887,73762,74816
10548,57584,59968,71900
10551,33372,72715,83362
10563,29496,72587,87354
10576,23940,74841,90643
10577,27468,71891,90064
10582,13632,81915,93871
10588,41965,71070,76377
10602,16861,83753,88784
10612,30988,75586,82814
10633,40665,71348,77354
10645,25131,74658,89566
10736,13131,85314,90819
10739,44940,51300,93021
10751,15100,86378,87771
10756,30913,70148,88183
10760,18349,78738,92153
10774,33641,67845,87740
10790,13534,85819,89857
10807,20424,79473,89296
10810,12864,82400,93926
10833,16090,79977,93100
10838,15977,76177,97008
10859,11677,85240,92224
10874,11457,87729,89940
10878,19541,81754,87827
10879,30862,74064,84195
10891,14629,83340,91140
10892,15780,79516,93812
10915,11236,82990,94859
10916,50068,58857,80159
10968,16542,80004,92486
10976,29077,71178,88769
10994,36726,70577,81703
10995,16165,84325,88515
11003,29413,72088,87496
11042,14421,77936,96601
11056,35895,72424,80562
11072,11658,80802,96468
11122,18709,82056,88113
11151,25178,75096,88575
11154,42786,51924,94136
11198,58868,59152,70782
11216,38248,72572,77964
11221,23307,82115,83357
11222,15394,84002,89382
11228,29870,70737,88165
11234,11534,86496,90736
11245,39413,66887,82455
11254,12751,83697,92298
11289,25285,78105,85321
11315,33594,73237,81854
11318,14914,80949,92819
11324,14185,84848,89643
11331,11863,87975,88831
11372,17542,81807,89279
11373,14139,82008,92480
11395,47034,63161,78410
11398,21714,76187,90701
11433,35870,69735,82962
11453,17234,79138,92175
11462,28001,77000,83537
11507,18391,79423,90679
11538,30828,68404,89230
11551,29790,77137,81522
11562,15770,83173,89495
11569,32889,73106,82436
11596,40210,64850,83344
11605,31878,67708,88809
11608,49273,61771,77348
11617,15572,84315,88496
11625,15606,83373,89396
11627,24647,74267,89459
11629,26851,71239,90281
11667,33516,74082,80735
11668,31359,69126,87847
11669,56386,64899,67046
11681,16840,78384,93095
11685,32711,70642,84962
11688,39078,71296,77938
11699,28010,66723,93568
11738,15735,82334,90193
11750,45794,47669,94787
11774,32336,73665,82225
11784,47434,50337,90445
11791,33934,69242,85033
11855,21971,76815,89359
11858,51357,62270,74515
11877,21713,75568,90842
11880,17272,74565,96283
11908,30215,71116,86761
11910,14858,76324,96908
11955,38712,66761,82572
11971,15020,83081,89928
11987,18904,79406,89703
11991,20823,73401,93785
11996,30712,71975,85317
12008,25545,73443,89004
12014,21130,82675,84181
12025,40307,49626,98042
12042,27066,74733,86159
12073,35611,65303,87013
12106,31780,63917,92197
12143,24379,72984,90494
12181,55097,61213,71509
12193,24732,73078,89997
12219,14957,82595,90229
12224,43868,67591,76317
12244,14699,79125,93932
12276,23210,74942,89572
12295,17787,79340,90578
12302,18412,75492,93794
12306,36220,71398,80076
12316,19978,77028,90678
12320,14587,77517,95576
12333,30526,75414,81727
12375,22884,73116,91625
12391,44013,64570,79026
12403,13056,79901,94640
12425,50765,67991,68819
12437,44635,71071,71857
12453,36102,62678,88767
12472,21198,75538,90792
12481,21895,70262,95362
12494,28999,77048,81459
12502,26619,78594,82285
12512,22445,82416,82627
12540,16364,74647,96449
12545,15949,84551,86955
12550,40355,50678,96417
12586,18245,83794,85375
12602,40884,50805,95709
12629,55243,63270,68858
12641,38832,65617,82910
12647,52902,67050,67401
12703,15117,82072,90108
12738,26913,76431,83918
12761,43088,48956,95195
12796,21938,70798,94468
12814,20240,73060,93886
12822,28652,74092,84434
12826,17634,78081,91459
12835,43920,65021,78224
12869,18556,70896,97679
12897,17581,75338,94184
12901,27705,76430,82964
12910,40348,47522,99220
12911,29074,72252,85763
12916,37240,73900,75944
12921,28264,69926,88889
12988,23577,78102,85333
13032,41602,67141,78225
13037,17039,77954,91970
13061,22063,73779,91097
13118,13728,79555,93599
13147,15824,84089,86940
13155,51036,65895,69914
13196,23002,72357,91445
13253,16716,80740,89291
13254,30649,66278,89819
13266,44155,45116,97463
13274,50668,58263,77795
13296,26051,75146,85507
13307,42484,66400,77809
13310,19922,71655,95113
13355,39075,68775,78795
13375,42134,64272,80219
13382,44282,60498,81838
13391,17162,81234,88213
13432,14301,79908,92359
13434,17766,78662,90138
13436,16876,81818,87870
13447,18224,75422,92907
13475,20743,74083,91699
13528,13769,75884,96819
13540,43094,65623,77743
13544,15839,79353,91264
13555,27584,77548,81313
13569,38481,61970,85980
13596,31919,65921,88564
13644,14281,80393,91682
13654,25519,80229,80530
13658,23657,70921,91764
13660,16472,84606,85262
13677,20598,72752,92973
13678,15740,77676,92906
13717,14593,79579,92111
13719,28939,67658,89684
13773,36626,70915,78686
13792,23332,73857,89019
13817,29915,66952,89316
13819,28573,75416,82192
13854,19426,77723,88997
13872,38074,63587,84467
13876,20118,78740,87266
13884,18837,71646,95633
13886,29389,77327,79398
13892,22507,81644,81957
13910,17870,79835,88385
13933,32588,62801,90381
13941,38003,68870,79186
13963,53278,65273,67486
13977,15030,81773,89220
14021,30454,68636,86889
14039,46667,61810,77484
14063,37877,73312,74748
14065,22046,72702,91187
14066,25123,66672,94139
14081,24530,79382,82007
14094,33221,63478,89207
14101,46888,68123,70888
14137,25050,74980,85833
14161,58121,60821,66897
14199,22526,67075,96200
14211,17248,77453,91088
14244,36445,66456,82855
14265,23702,76775,85258
14275,17053,77183,91489
14290,14542,77376,93792
14318,25504,77679,82255
14319,23928,73278,88475
14320,16556,74850,94274
14323,26106,75042,84529
14331,15741,75284,94644
14333,31859,73883,79925
14355,21063,69137,95445
14359,53500,60796,71345
14375,14821,82536,88268
14384,24654,76512,84450
14394,37354,73396,74856
14456,50374,61747,73423
14463,28370,70076,87091
14485,25441,76166,83908
14489,30393,68231,86887
14503,41543,67611,76343
14511,36830,70364,78295
14558,35242,63618,86582
14574,28452,69815,87159
14582,16519,79175,89724
14601,27126,71870,86403
14611,57996,61540,65853
14648,17771,80787,86794
14660,31345,66203,87792
14662,23668,71649,90021
14672,28964,71937,84427
14673,34891,68917,81519
14679,44592,62558,78171
14691,15486,77760,92063
14714,27985,69306,87995
14723,18637,72438,94202
14737,15586,82071,87606
14742,29428,73766,82064
14802,19528,70867,94803
14811,19553,74437,91199
14831,30636,72271,82262
14832,46860,62584,75724
14843,31102,71379,82676
14851,23528,70303,91318
14874,41388,43789,99949
14880,35556,69147,80417
14890,35587,72183,77340
14892,19110,79208,86790
14910,23105,76750,85235
14913,34680,50717,99690
14936,52743,63480,68841
14959,24596,75612,84833
14995,19235,82497,83273
15003,33499,66908,84590
15006,15880,80883,88231
15011,16825,76776,91388
15069,16011,74479,94441
15074,19246,74027,91653
15086,35108,68415,81391
15094,59123,60618,65165
15108,21811,78357,84724
15113,33539,72366,78982
15123,41948,65947,76982
15129,22435,72891,89545
15150,30647,71469,82734
15177,16973,73449,94401
15180,22799,74002,88019
15190,57525,62588,64697
15201,38023,50664,96112
15225,38308,65721,80746
15253,20594,72047,92106
15271,44393,66019,74317
15315,27552,72407,84726
15333,35152,74329,75186
15336,19976,81103,83585
15368,18214,75434,90984
15375,18470,74976,91179
15380,20333,69295,94992
15387,20014,67613,96986
15414,17748,77344,89494
15423,19670,74277,90630
15428,19358,80909,84305
15451,26874,77625,80050
15454,24510,72630,87406
15482,31721,74290,78507
15489,26445,74230,83836
15533,23998,79746,80723
15542,23853,75389,85216
15595,30607,65114,88684
15602,18673,77360,88365
15619,40297,67107,76977
15621,35406,64774,84199
15633,20321,78533,85513
15640,20865,71741,91754
15727,22886,75669,85718
15744,39318,66194,78744
15760,39333,50582,94325
15769,18288,72644,93299
15786,20938,78927,84218
15810,24056,78640,81494
15819,32625,71845,79711
15871,21708,72323,90098
15898,44391,67157,72554
15906,40129,50658,93307
15919,18694,73003,92384
15934,28255,73894,81917
15980,18961,72395,92664
15985,32105,73386,78524
16007,39406,62346,82241
16020,39241,48785,95546
16051,53904,62501,67544
16060,35763,66089,82088
16064,31489,68187,84260
16065,17673,72809,93453
16078,19773,78595,85554
16081,39769,71620,72530
16151,18793,80423,84633
16162,21888,73349,88601
16167,44130,46572,93131
16177,53553,55629,74641
16184,23495,77229,83092
16200,46275,59000,78525
16228,39803,66257,77712
16231,17796,75357,90616
16238,44024,68968,70770
16239,26095,72043,85623
16272,30662,71650,81416
16279,43615,65359,74747
16282,43893,67326,72499
16292,30558,74310,78840
16297,23532,72709,87462
16312,26138,70129,87421
16324,36168,58817,88691
16330,51006,56073,76591
16355,21569,78209,83867
16362,18100,71973,93565
16367,40504,67259,75870
16423,25998,74481,83098
16424,22872,74905,85799
16429,17023,79069,87479
16439,32283,71858,79420
16443,35652,68089,79816
16448,37451,49804,96297
16453,21367,76281,85899
16467,21047,79371,83115
16474,37834,59136,86556
16526,53019,60791,69664
16534,55142,61259,67065
16560,18507,73461,91472
16574,41459,65153,76814
16601,34677,69766,78956
16658,20420,77245,85677
16667,24252,71683,87398
16674,29052,71500,82774
16691,19464,69209,94636
16700,37907,49721,95672
16702,25940,70989,86369
16705,22223,69563,91509
16739,45319,66785,71157
16742,34875,64972,83411
16855,37310,66474,79361
16857,19914,75681,87548
16858,26778,67010,89354
16862,29337,66507,87294
16864,17991,75282,89863
16908,47060,65018,71014
16940,32368,67716,82976
16959,26651,74093,82297
16996,55724,62571,64709
16997,27409,72758,82836
17002,30597,73306,79095
17015,18369,73193,91423
17044,31435,72608,78913
17046,44992,58782,79180
17055,31637,68220,83088
17066,33709,71619,77606
17076,28081,70647,84196
17101,22971,75271,84657
17118,36673,48788,97355
17132,29592,66880,86396
17184,30583,67665,84568
17232,36770,61317,84681
17239,19044,74548,89169
17256,18361,80427,83956
17257,33222,67463,82058
17275,17546,76662,88517
17286,23451,73318,85945
17287,38715,65860,78138
17295,35081,66550,81074
17318,43316,49179,90187
17357,22702,76563,83378
17359,30920,69838,81883
17379,32115,66046,84460
17421,18438,75178,88963
17424,18471,73534,90571
17427,47357,58790,76426
17430,36630,60331,85609
17431,25147,73332,84090
17449,59554,61333,61664
17452,49632,56374,76542
17481,18605,72092,91822
17490,38035,68162,76313
17503,22156,73214,87127
17516,27695,75092,79697
17532,28339,71258,82871
17555,38266,60371,83808
17559,41891,48142,92408
17610,20276,73891,88223
17615,23456,78248,80681
17680,40881,59808,81631
17682,52366,64376,65576
17696,21470,72673,88161
17713,44377,55836,81353
17750,31632,63985,86633
17789,30342,65377,86492
17824,18025,73765,90386
17826,30697,74531,76946
17827,40017,58036,84120
17839,19218,70539,92404
17864,33230,69124,79782
17871,42578,64124,75427
17891,38989,60338,82782
17893,45655,59673,76779
17900,20316,73866,87918
17908,26632,73405,82055
17910,49469,62001,70620
17918,27736,75780,78566
17925,56192,58950,66933
17931,45735,57646,78688
17940,22990,76683,82387
17970,37196,68583,76251
17973,20414,69240,92373
17995,20052,74212,87741
18021,27972,74279,79728
18065,23643,71023,87269
18092,21836,75020,85052
18112,29637,67671,84580
18124,19471,71686,90719
18163,31425,68326,82086
18168,24296,73962,83574
18169,30014,63187,88630
18188,23769,70651,87392
18193,50481,64015,67311
18200,39477,60543,81780
18250,57538,58017,66195
18251,18974,72767,90008
18257,51273,54205,76265
18284,30219,75417,76080
18292,41700,58831,81177
18307,36187,45758,99748
18321,50634,63310,67735
18322,35573,60396,85709
18327,35943,65331,80399
18331,35562,72472,73635
18351,23457,70962,87230
18371,40877,58618,82134
18465,30386,69106,82043
18474,20651,68173,92702
18482,47074,52411,82033
18495,28905,65944,86656
18523,49048,63120,69309
18532,19687,76214,85567
18547,22008,71644,87801
18558,37576,47828,96038
18610,30773,66501,84116
18624,45348,55927,80101
18628,42057,44011,95304
18631,44209,65568,71592
18646,33439,70818,77097
18648,21313,70714,89325
18650,42991,67468,70891
18651,35917,71218,74214
18678,37216,60168,83938
18706,28458,67787,85049
18735,19261,79250,82754
18742,28786,71383,81089
18746,40292,44415,96547
18747,34302,61865,85086
18756,41334,66811,73099
18763,23737,65767,91733
18789,27276,69478,84457
18801,32201,66163,82835
18805,49956,61640,69599
18834,42220,45287,93659
18838,47039,62289,71834
18841,26552,72440,82167
18862,23774,69474,87890
18864,45971,65221,69944
18879,36388,62174,82559
18898,54711,62930,63461
18919,27871,73271,79939
18934,38120,63374,79572
18948,19264,73138,88650
18950,30883,72811,77356
18964,31258,69545,80233
18968,37790,57641,85601
18979,30708,70138,80175
19003,20027,65295,95675
19032,25398,71124,84446
19045,44658,55752,80545
19086,25873,68384,86657
19107,20009,78413,82471
19228,53563,60891,66318
19258,52647,53634,74461
19260,23496,72276,84968
19288,28361,70610,81741
19293,45178,64592,70937
19309,43993,67764,68934
19316,31659,70583,78442
19317,37469,71173,72041
19331,21783,73662,85224
19361,49813,64546,66280
19385,37300,70246,73069
19412,49733,59544,71311
19431,34689,70811,75069
19450,32555,69598,78397
19521,33109,70172,77198
19523,41444,68486,70547
19551,33370,70198,76881
19569,24053,73149,83229
19593,50096,64562,65749
19624,38852,60804,80720
19625,47821,56018,76536
19669,26909,73383,80039
19683,39549,67689,73079
19730,21455,78933,79882
19732,35699,48979,95590
19824,27699,71849,80628
19826,53007,59552,67615
19879,28944,67098,84079
19884,28018,66431,85667
19897,46985,61580,71538
19901,32072,70897,77130
19916,32060,66250,81774
19939,51676,59777,68608
19950,33788,49122,97140
19953,39652,51543,88852
19960,35468,60603,83969
20023,48922,56369,74686
20060,33234,71169,75537
20078,29583,69330,81009
20105,29038,67222,83635
20107,46591,51820,81482
20156,28270,64046,87528
20206,28295,71235,80264
20210,41701,64242,73847
20221,50801,54929,74049
20257,47815,63934,67994
20266,30064,71389,78281
20290,37458,60624,81628
20305,37641,55008,87046
20310,32618,72211,74861
20332,45261,46281,88126
20338,33391,65275,80996
20357,47391,57117,75135
20383,41237,65142,73238
20421,45475,45667,88437
20434,44843,48722,86001
20449,31741,73173,74637
20456,48769,60191,70584
20469,22190,75382,81959
20502,37574,50210,91714
20518,23097,75067,81318
20524,43096,54797,81583
20528,28605,69428,81439
20540,27756,70787,80917
20543,41429,58815,79213
20555,32975,63529,82941
20569,23463,74724,81244
20603,42042,64483,72872
20631,34771,61675,82923
20643,27551,68985,82821
20645,42919,47700,88736
20666,27107,74282,77945
20695,37756,70097,71452
20699,33585,48153,97563
20713,23935,72345,83007
20727,27909,72057,79307
20756,40929,61647,76668
20770,23648,65930,89652
20773,32747,51491,94989
20777,42348,66237,70638
20824,42653,44926,91597
20825,50619,58169,70387
20832,43950,67480,67738
20845,42360,65189,71606
20909,45945,61728,71418
20915,47790,58426,72869
20964,46621,56573,75842
20985,31073,51585,96357
21004,34721,70289,73986
21030,56994,58605,63371
21034,53157,61235,64574
21042,34844,59104,85010
21046,22744,73343,82867
21065,35441,65746,77748
21069,30816,65937,82178
21105,30142,62796,85957
21111,46856,54356,77677
21136,22832,77866,78166
21144,30232,65243,83381
21152,21950,75454,81444
21169,33529,68512,76790
21176,34060,64411,80353
21178,23760,72732,82330
21181,32018,65690,81111
21187,22564,69097,87152
21207,31208,67476,80109
21212,44821,65396,68571
21228,35262,60130,83380
21240,42441,58233,78086
21259,34006,67134,77601
21268,53879,59412,65441
21280,32849,65742,80129
21294,45947,56570,76189
21302,22438,72158,84102
21309,27888,66461,84342
21324,31414,70840,76422
21347,48839,62515,67299
21358,44079,64339,70224
21366,31488,64454,82692
21388,45970,62884,69758
21391,32500,68614,77495
21413,47573,61784,69230
21437,31153,58438,88972
21441,25390,75462,77707
21442,48515,60135,69908
21459,31669,64677,82195
21476,54007,59536,64981
21511,22690,70979,84820
21529,30624,68589,79258
21541,23594,60989,93876
21548,51861,52190,74401
21568,29537,71448,77447
21581,22778,71429,84212
21614,27218,67481,83687
21639,42811,57115,78435
21649,42146,42742,93463
21651,27781,70834,79734
21666,38279,64759,75296
21674,44323,64797,69206
21676,43440,67382,67502
21687,34626,61561,82126
21718,30803,71107,76372
21722,26988,74126,77164
21723,23824,69454,84999
21738,28158,66896,83208
21758,21999,75339,80904
21772,46932,61475,69821
21775,42097,51866,84262
21808,38482,64065,75645
21818,22423,73451,82308
21824,38949,68514,70713
21874,37966,49646,90514
21879,36224,49895,92002
21898,36074,59730,82298
21932,41610,58770,77688
21942,45817,64243,67998
21957,58143,59062,60838
21958,35967,62635,79440
21961,40880,67294,69865
21962,26887,66221,84930
21978,33612,70006,74404
21986,30869,68863,78282
21993,41969,62353,73685
22025,35466,60962,81547
22028,44542,46397,87033
22029,27366,74542,76063
22054,32905,49072,95969
22062,34108,66043,77787
22093,26516,66837,84554
22122,46803,57445,73630
22128,40079,41781,96012
22197,49468,55228,73107
22204,44642,62843,70311
22242,30298,72589,74871
22264,38926,68141,70669
22266,46847,63489,67398
22272,29429,49636,98663
22279,53082,62023,62616
22286,32281,67447,77986
22301,49868,57331,70500
22320,43024,60272,74384
22324,46563,61689,69424
22333,45300,59423,72944
22334,34184,63948,79534
22348,28212,68941,80499
22350,31943,65978,79729
22359,29918,65560,82163
22422,45120,64252,68206
22425,31313,69456,76806
22427,35275,67569,74729
22434,37945,69031,70590
22447,25087,72764,79702
22451,37770,63567,76212
22461,53520,54365,69654
22516,32033,70306,75145
22531,41947,48345,87177
22533,26439,71745,79283
22540,51188,59064,67208
22546,56834,59284,61336
22560,50099,60963,66378
22584,35357,67183,74876
22596,45918,58357,73129
22605,51570,56940,68885
22615,29170,50773,97442
22665,25715,72945,78675
22686,37559,68752,71003
22697,37449,63593,76261
22738,43983,65124,68155
22771,44135,63768,69326
22780,43991,60595,72634
22810,26282,65980,84928
22858,30054,68694,78394
22883,36242,63829,77046
22885,37147,44938,95030
22908,46292,64440,66360
22911,41086,61407,74596
22922,41148,57611,78319
22938,41206,55411,80445
22943,55708,60214,61135
22981,26756,60630,89633
22991,37209,45623,94177
22994,42428,53363,81215
23004,23593,70892,82511
23006,35848,59174,81972
23012,39665,58270,79053
23020,43972,55714,77294
23025,36718,44310,95947
23038,52493,59975,64494
23058,48374,58959,69609
23098,49460,54063,73379
23115,36759,43228,96898
23134,39711,54570,82585
23148,23480,69450,83922
23151,40564,60157,76128
23169,29023,65103,82705
23186,48014,57765,71035
23195,39204,44812,92789
23201,34893,58554,83352
23226,32192,63346,81236
23239,38069,60336,78356
23299,28553,70815,77333
23381,46456,61879,68284
23390,52268,60353,63989
23413,38005,68508,70074
23418,40642,67126,68814
23419,24295,63429,88857
23499,36031,43857,96613
23507,36880,64747,74866
23514,36309,62439,77738
23529,27269,68661,80541
23544,35016,62314,79126
23568,40155,57618,78659
23583,30179,69303,76935
23589,29168,58839,88404
23603,30214,60192,85991
23633,54167,55271,66929
23678,30547,70033,75742
23680,38847,67160,70313
23716,46713,61276,68295
23717,27428,50754,98101
23756,43956,64659,67629
23851,40794,64854,70501
23854,41381,64438,70327
23857,27268,70514,78361
23873,43490,56062,76575
23878,35409,69042,71671
23909,33038,61182,81871
23914,33388,67071,75627
23917,27937,69942,78204
23925,53809,61096,61170
23955,39170,67445,69430
23960,32611,59893,83536
23973,41194,66636,68197
23988,48029,61097,66886
23999,25801,67776,82329
24009,42535,59528,73928
24033,32928,63402,79637
24038,25276,51832,98854
24057,42851,64136,68956
24091,43460,51612,80837
24096,24667,70860,80377
24108,35037,46334,94521
24119,29504,68242,78135
24128,28889,52392,94591
24140,30861,67521,77478
24178,47551,53584,74687
24212,44645,63695,67448
24231,41064,43138,91567
24232,44912,58069,72787
24268,26205,72794,76733
24275,26616,68397,80712
24278,54815,59747,61160
24309,46474,51957,77260
24310,47566,52565,75559
24311,43407,46648,85634
24342,28492,71743,75423
24352,26198,67185,82265
24359,38869,64177,72595
24371,27857,68533,79239
24382,24681,74410,76527
24387,44615,60406,70592
24399,48843,60524,66234
24405,45124,61215,69256
24413,35537,65848,74202
24416,46503,57474,71607
24464,40513,47575,87448
24494,40889,54612,80005
24507,33832,65087,76140
24508,24700,74386,76406
24509,51252,55687,68552
24515,43450,44694,87341
24518,48732,58031,68719
24533,40998,58754,75715
24536,36464,69039,69961
24543,30223,48881,96353
24547,51779,57120,66554
24567,33371,59744,82318
24606,32943,62623,79828
24611,32076,59999,83314
24616,39196,58452,77736
24651,40523,49261,85565
24685,30918,61597,82800
24718,39011,62582,73689
24721,32562,63090,79627
24788,36275,60597,78340
24789,27335,62898,84978
24809,26513,70803,77875
24829,34413,67655,73103
24835,34533,69748,70884
24836,39776,58983,76405
24839,36777,63817,74567
24858,29607,66437,79098
24859,27987,61676,85478
24927,51236,61714,62123
24939,38931,60875,75255
24952,45799,49923,79326
24957,33802,66033,75208
24962,37385,60557,77096
24980,44925,60763,69332
24983,42753,55413,76851
24985,32739,63318,78958
25016,39802,61109,74073
25036,37408,63508,74048
25060,44518,57404,73018
25063,50114,56671,68152
25085,38424,57412,79079
25092,50158,60999,63751
25113,53442,57029,64353
25198,39740,66696,68366
25209,48864,60275,65652
25270,34972,63756,76002
25335,47637,52278,74750
25336,53835,58802,62027
25339,34890,69014,70757
25355,29654,59702,85289
25386,34612,69496,70506
25402,29024,66041,79533
25431,35236,59410,79923
25442,27870,71981,74707
25457,28808,71534,74201
25463,26753,67272,80512
25502,25794,72756,75948
25522,26143,73012,75323
25564,49800,61999,62637
25565,27341,48897,98197
25574,37201,65499,71726
25595,35374,65027,74004
25607,41312,48852,84229
25608,32635,63244,78513
25610,33225,46025,95140
25627,41929,61880,70564
25639,26286,66763,81312
25646,27162,72293,74899
25665,36615,46016,91704
25673,31177,65708,77442
25674,43059,65179,66088
25675,40314,66740,67271
25685,52053,53813,68449
25687,33271,64235,76807
25707,45744,63981,64568
25728,41660,64144,68468
25753,34943,63988,75316
25761,40279,57038,76922
25785,41672,65100,67443
25786,47816,49865,76533
25850,37933,62562,73655
25890,38381,57940,77789
25916,53495,56515,64074
25930,38054,66120,69896
25936,27474,49803,96787
25963,33154,66388,74495
25973,26895,66464,80668
25999,34950,51091,87960
26023,26621,65794,81562
26026,41665,64551,67758
26047,30390,47337,96226
26053,44222,54184,75541
26094,31875,62733,79298
26097,27885,67300,78718
26112,35884,64204,73800
26153,39829,54174,79844
26155,47378,54010,72457
26162,46801,57713,69324
26182,44007,47279,82532
26194,28282,63791,81733
26216,26796,49187,97801
26274,51521,60209,61996
26275,32342,43453,97930
26297,31630,60615,81458
26310,45683,63825,64182
26311,52463,53525,67701
26317,44230,46399,83054
26330,27849,66920,78901
26380,32456,51910,89254
26390,51298,53368,68944
26414,45312,61099,67175
26446,43869,63298,66387
26452,33014,62457,78077
26459,44066,61617,67858
26473,29177,58179,86171
26493,40420,66159,66928
26531,31470,57242,84757
26536,50430,57649,65385
26577,42567,59220,71636
26615,26622,68367,78191
26646,33246,64844,75264
26678,38639,62668,72015
26685,44176,52934,76205
26693,44769,63364,65174
26735,36124,63622,73519
26772,54187,56951,62090
26788,36132,67796,69284
26789,28893,67219,77099
26852,55011,56483,61654
26855,36793,45904,90448
26873,50177,58317,64633
26884,33675,63112,76329
26886,38224,44953,89937
26911,41905,60633,70551
26939,54128,56550,62383
26948,46975,52593,73484
26966,57144,57516,58374
26967,54264,54506,64263
26980,45055,58191,69774
26996,27209,51681,94114
27006,50818,56547,65629
27010,40870,41147,90973
27020,34635,56425,81920
27024,35671,38614,98691
27041,31917,61921,79121
27042,28502,58580,85876
27048,55119,58573,59260
27077,36743,64384,71796
27085,31572,49105,92238
27106,40411,62415,70068
27113,35179,66957,70751
27128,31716,60199,80957
27198,45041,56319,71442
27215,50289,55911,66585
27225,36580,63564,72631
27252,39792,48604,84352
27256,31795,59389,81560
27258,29807,70522,72413
27274,47421,48301,77004
27285,39235,62969,70511
27322,44352,57395,70931
27355,51754,58328,62563
27392,49579,59855,63174
27420,33770,65991,72819
27423,39157,62577,70843
27425,47997,52390,72188
27426,30089,48196,94289
27434,34558,59988,78020
27481,51536,60091,60892
27506,34911,66675,70908
27528,52553,55362,64557
27529,51794,57806,62871
27567,43570,58938,69925
27572,45724,49239,77465
27653,34481,61877,75989
27669,36995,65819,69517
27685,47084,61167,64064
27723,34016,43957,94304
27725,54325,55174,62776
27729,45693,52703,73875
27752,38539,39873,93836
27759,42964,58159,71118
27793,36901,65401,69905
27823,37637,61406,73134
27851,40792,57912,73445
27863,42775,63210,66152
27865,38282,54984,78869
27877,52883,53150,66090
27900,47846,54770,69484
27924,28224,62220,81632
27979,44634,55535,71852
28003,37090,54622,80285
28048,33685,43465,94802
28056,35646,61708,74590
28116,45066,58611,68207
28143,50933,58230,62694
28151,40661,42945,88243
28189,31894,64325,75592
28194,33617,59144,79045
28204,30943,69607,71246
28250,32571,61151,78028
28283,28587,68501,74629
28294,49094,53274,69338
28302,38516,63819,69363
28342,28860,59953,80726
28355,52674,56440,62531
28375,41476,54241,75908
28383,49521,52060,70036
28397,45940,55611,70052
28400,41455,62911,67234
28432,31343,50047,90178
28434,39226,61180,71160
28449,49117,52762,69672
28463,50139,57692,63706
28465,32586,61641,77308
28506,45133,53627,72734
28527,37826,40282,93365
28540,30047,67053,74360
28599,44041,45779,81581
28600,38750,64346,68304
28616,39779,40629,90976
28618,49425,54019,67938
28621,30093,44492,96794
28638,35301,41422,94639
28643,34835,63906,72616
28655,29009,67181,75155
28678,41833,55069,74420
28684,37332,62875,71109
28718,29901,70595,70786
28743,34260,63796,73201
28767,31722,44722,94789
28816,36680,62746,71758
28868,40178,56000,74954
28900,48970,55737,66393
28911,31336,64989,74764
28918,44094,62315,64673
28921,48484,56563,66032
28948,47394,58349,65309
28951,46498,58344,66207
28953,49760,59901,61386
28956,34065,61628,75351
28965,51787,53022,66226
28972,40800,43398,86830
29080,42136,57028,71756
29108,32778,60620,77494
29131,31692,50896,88281
29171,41838,63901,65090
29250,29470,48085,93195
29251,29475,29948,92968
29318,36530,55615,78537
29379,48442,60502,61677
29407,39716,41923,88954
29454,42120,56030,72396
29459,32614,66253,71674
29462,39834,60276,70428
29478,38642,53622,78258
29501,37838,54285,78376
29509,40227,53387,76877
29510,32118,39039,99333
29519,36943,51665,81873
29522,45295,62506,62677
29538,40698,64003,65761
29580,37924,55190,77306
29590,47466,49531,73413
29636,32313,61062,76989
29648,51708,59164,59480
29650,36531,66623,67196
29651,49097,59900,61352
29681,37794,62695,69830
29709,42622,61101,66568
29750,46768,60210,63272
29774,50886,59597,59743
29805,32656,59321,77631
29806,47618,60238,62338
29811,33955,62976,73258
29813,46705,52276,71206
29844,35304,55496,79356
29911,37857,51700,80532
29940,37317,65603,67140
29994,47353,57704,64949
30011,38856,56548,74585
30039,42264,55203,72494
30062,51826,53327,64785
30077,44509,57645,67769
30087,30402,67733,71119
30092,50630,54450,64828
30100,35404,39145,95351
30110,42310,60859,66721
30112,37136,38411,94341
30122,33446,63469,72963
30136,41483,58866,69515
30149,37575,39012,93264
30152,34594,59381,75873
30185,34639,57679,77497
30199,39746,60439,69616
30207,43220,61945,64628
30221,53421,55063,61295
30227,32915,51419,85439
30228,36504,59602,73666
30262,31466,60262,78010
30301,41662,62017,66020
30330,52532,55680,61458
30364,51051,58354,60231
30404,31626,64925,73045
30407,33390,67871,68332
30415,48924,57316,63345
30441,34218,56998,78343
30482,30755,61148,77084
30533,38775,60749,69943
30535,46149,60890,62426
30541,35610,60475,73374
30545,30800,58675,79980
30619,51806,54702,62873
30655,38987,54460,75898
30661,44478,54741,70120
30668,46122,58627,64583
30688,47904,58887,62521
30690,39237,64573,65500
30725,42184,62747,64344
30758,31323,60123,77796
30763,42540,63152,63545
30768,37071,56122,76039
30786,38918,38960,88393
30793,35064,62816,71327
30832,54313,56728,58127
30834,36840,62877,69449
30837,41380,57778,70005
30857,32682,64517,71944
30874,51178,56126,61822
30875,50914,52171,66040
30880,32086,62933,74101
30990,38042,50994,79974
31007,31299,68706,68988
31008,51372,58677,58943
31019,42797,51965,74219
31035,36768,62564,69633
31061,54777,56974,57188
31078,37976,57832,73114
31146,35653,39893,92742
31150,31450,62819,74581
31151,40565,51350,76934
31166,35162,63287,70385
31174,45928,58140,64758
31199,37169,50091,81541
31203,32432,53349,83016
31224,31262,37315,91871
31237,48122,59685,60956
31238,35440,65313,68009
31243,51653,52216,64888
31245,47885,54611,66259
31250,39397,41949,87404
31277,47023,52691,69009
31326,40864,63757,64053
31358,31544,59367,75511
31381,40201,62876,65542
31529,53111,57366,57994
31557,32657,46341,89445
31585,52826,53130,62459
31591,36101,62159,70149
31619,36245,40126,92010
31621,32143,61217,75019
31640,42100,44316,81944
31643,41121,45898,81338
31648,32884,47625,87843
31652,54335,56307,57706
31660,46813,52723,68804
31673,45638,51808,70881
31705,44937,52751,70607
31732,51038,51972,65258
31773,40487,57939,69801
31783,33022,64525,70670
31816,47543,60027,60614
31839,31991,65122,70814
31895,35238,56012,76855
31905,43131,53200,71764
31911,45785,58970,63334
31916,55139,55423,57522
31936,50543,54353,63168
31952,43688,59037,65323
31964,44899,57715,65422
31971,53485,55837,58707
32012,41635,61746,64607
32039,36655,47321,83985
32042,35163,63913,68882
32071,38633,56335,72961
32140,48691,57009,62160
32191,52210,57637,57962
32194,42479,59789,65538
32197,37522,55020,75261
32220,45573,54850,67357
32223,38476,53246,76055
32227,39970,58054,69749
32260,34763,60770,72207
32286,32409,47805,86161
32347,52133,53978,61542
32416,39816,52519,75249
32433,41378,61782,64407
32476,43049,53564,70911
32490,33288,60973,73249
32534,38289,53268,75909
32535,51925,54545,60995
32547,48955,49891,68607
32577,38142,49315,79966
32592,50757,56775,59876
32595,39370,55973,72062
32647,49010,49337,69006
32672,36320,41401,89607
32733,36453,64026,66788
32756,41305,61001,64938
32762,37515,38199,91524
32773,48647,58243,60337
32799,52259,52999,61943
32806,36148,58630,72416
32837,37227,56422,73514
32871,39944,49358,77827
32874,33285,62257,71584
32877,41555,49931,75637
32879,39202,44824,83095
32890,41993,58935,66182
32904,46861,57703,62532
32918,36130,36174,90978
32941,41402,60553,65104
32986,46323,54430,66261
33016,48566,52622,65796
33036,47744,51522,67698
33054,43489,53928,69529
33058,36670,60103,70169
33063,34968,52658,79311
33071,38113,64253,64563
33081,38193,38520,83813
33083,35808,59518,71591
33088,50342,56576,59994
33133,37555,51730,77582
33179,51802,56561,58458
33209,39146,62007,65638
33216,33485,55466,77833
33220,52708,56481,57591
33298,35718,55689,75295
33311,41456,55995,69238
33375,53510,56297,56818
33380,35780,54540,76300
33386,51202,56921,58491
33393,33774,66034,66749
33420,44179,60108,62293
33424,44872,60691,61013
33426,49317,58396,58861
33455,36240,64678,65627
33494,48434,50024,68048
33525,40349,50264,75862
33541,34607,61452,70400
33563,36660,45501,84276
33564,44085,57101,65250
33591,46955,49620,69834
33623,41513,61856,63008
33688,42998,52170,71144
33693,45818,48373,72116
33713,44093,58726,63468
33720,34027,50549,81704
33722,44463,59241,62574
33766,34163,37173,94898
33768,43261,44120,78851
33772,47114,49113,70001
33775,43699,60486,62040
33808,48038,58847,59307
33849,35622,38996,91533
33882,43075,60575,62468
33887,52795,56507,56811
33897,40494,58598,67011
33903,36337,60285,69475
33956,39005,59467,67572
33984,50985,53938,61093
33996,49030,51728,65246
34000,43406,59834,62760
34001,34982,64602,66415
34005,47277,59188,59530
34017,38451,60717,66815
34024,35768,40066,85307
34039,40996,58751,66214
34064,40912,47831,77180
34075,54147,55539,56239
34076,49789,55593,60542
34089,47180,57876,60855
34105,49960,52380,63555
34129,49827,56327,59717
34177,41154,46346,78323
34185,41248,50423,74144
34245,39628,56642,69485
34252,48272,57669,59807
34255,42128,50105,73512
34307,36151,56478,73064
34324,35549,57079,73048
34335,36997,62041,66627
34336,42523,50270,72857
34371,52771,56332,56526
34432,45012,60167,60389
34448,48416,49751,67385
34450,48428,50573,66549
34462,39057,62946,63535
34477,39463,43378,82682
34535,38999,62854,63612
34599,35186,61383,68832
34608,35693,54180,75519
34613,50478,56961,57948
34615,36900,40031,88368
34617,38499,62418,64466
34625,40518,50425,74432
34640,35287,59836,70237
34705,48907,57234,59154
34730,35067,44154,85512
34747,37570,59621,68062
34758,36455,49990,78797
34766,49869,55822,59543
34780,36386,38209,90625
34786,36890,40726,87598
34797,42366,60826,62011
34834,46588,50864,67714
34839,41683,61449,62029
34896,46651,56650,61803
34908,44487,56628,63977
34995,39314,52363,73328
35008,36622,62779,65591
35129,35642,58009,71220
35139,43312,55909,65640
35197,36887,59374,68542
35212,39848,61071,63869
35215,38394,62143,64248
35237,35360,58773,70334
35300,40751,59724,64225
35348,41344,50537,72771
35378,46558,50175,67889
35385,38220,61476,64919
35395,46271,53029,65305
35411,42662,52789,69138
35414,43742,53846,66998
35453,36076,61794,66677
35459,42458,59742,62341
35479,38679,59445,66397
35523,47289,48223,68965
35528,41279,57984,65209
35543,45813,49927,68717
35577,48384,57097,58942
35583,43045,59949,61423
35633,36855,53966,73542
35770,51762,52003,60465
35802,42409,59359,62430
35833,35883,56706,71499
35841,49934,51420,62805
35843,47679,57745,58733
35903,36502,58296,69299
35926,42545,59565,61964
35934,50733,55177,58156
36035,49232,51827,62906
36160,43625,58927,61288
36183,50731,53242,59844
36185,44891,51045,67879
36193,45586,58335,59886
36255,37036,43616,83093
36263,51413,54855,57469
36265,48492,49550,65693
36306,52427,53698,57569
36314,46636,58218,58832
36343,41518,56041,66098
36403,50011,56321,57265
36428,50716,53697,59159
36429,40621,56760,66190
36432,50515,51989,61064
36438,48283,53664,61615
36489,36501,47014,76104
36541,49086,54012,60361
36551,45419,54459,63571
36602,43286,56284,63828
36691,40617,54828,67864
36704,39705,58643,64948
36750,52721,54350,56179
36778,37140,41844,83989
36808,39789,48830,74573
36821,39811,40652,82716
36886,52402,55064,55648
36905,38107,60990,63998
36946,45591,57606,59857
36962,39669,60870,62499
37019,51343,54217,57421
37060,38605,60267,64068
37077,49152,54986,58785
37097,45593,58347,58963
37142,51118,52460,59280
37143,40672,56868,65317
37160,50259,56266,56315
37161,42047,54168,66624
37176,50231,55992,56601
37199,39187,54602,69012
37214,45138,46444,71204
37242,42930,52334,67494
37246,43738,59080,59936
37286,38610,61454,62650
37336,49634,49850,63180
37345,38067,50409,74167
37357,52490,54392,55761
37369,53275,53340,55344
37370,49369,49720,63541
37373,46293,57886,58448
37399,37733,57621,67247
37437,44438,51191,66934
37450,39223,50662,72665
37498,46402,56669,59431
37499,50990,54810,56701
37524,45523,51718,65235
37624,48872,50103,63401
37627,38278,58994,65101
37655,53254,54403,54688
37658,46989,57593,57760
37765,50163,55984,56088
37850,39664,50967,71519
37869,38988,43971,79172
37916,39729,61056,61299
37940,53377,53824,54859
37953,51451,54716,55880
37964,44512,54054,63470
37991,49780,53556,58673
37996,46877,50025,65102
38064,38338,56942,66656
38156,43542,55768,62534
38160,44445,53837,63558
38264,46884,57258,57594
38287,42389,59355,59969
38295,50710,53482,57513
38361,44744,56604,60291
38403,47666,54791,59140
38413,49900,51331,60356
38427,48108,56571,56894
38432,44152,49568,67848
38442,47648,54745,59165
38494,44632,53836,63038
38501,38652,60241,62606
38505,52634,53591,55270
38552,46487,57088,57873
38587,38626,38890,83106
38599,52157,53724,55520
38634,39382,42584,79400
38656,41255,57389,62700
38705,44514,53402,63379
38730,43345,46130,71795
38755,40686,53439,67120
38759,45869,55188,60184
38769,49764,52368,59099
38783,49035,55878,56304
38848,45555,57473,58124
38857,47426,51126,62591
38954,45759,56033,59254
38959,45453,49258,66330
38974,39230,39868,80821
39035,41319,58015,61631
39118,39988,56498,64396
39144,52005,53010,55841
39169,45688,57441,57702
39172,40674,56744,63410
39193,47314,49732,63761
39217,43240,57926,59617
39254,47318,54278,59150
39262,42784,55738,62216
39274,47018,49686,64022
39292,44868,55171,60669
39308,48856,55567,56269
39429,53049,53138,54384
39491,50312,53319,56878
39496,45669,53095,61740
39542,51336,54468,54654
39560,40484,57290,62666
39590,44787,48644,66979
39623,49269,52860,58248
39671,43099,46445,70785
39712,53282,53405,53601
39774,42666,58219,59341
39830,43980,55031,61159
39858,49906,54809,55427
39892,44019,55110,60979
39925,46132,48713,65230
39928,41526,54826,63720
39956,40888,45537,73619
39968,42537,57096,60399
39981,42234,56747,61038
40018,45891,51773,62318
40062,40174,42587,77076
40076,50257,54126,55541
40101,47130,53710,59059
40151,47212,54737,57900
40217,44886,57319,57578
40252,43810,46681,69257
40287,47912,48714,63087
40316,44702,50762,64220
40318,45274,50000,64408
40395,46243,54372,58990
40396,48457,53288,57859
40406,50395,53706,55493
40441,40705,42403,76451
40462,45993,55651,57894
40542,45490,50979,62989
40557,43949,56035,59459
40622,41028,48084,70266
40637,47951,54613,56799
40655,43259,56525,59561
40795,42087,48178,68940
40813,43047,52566,63574
40987,41860,41979,74989
40993,43919,53767,61321
41070,42913,50018,65999
41079,50855,53538,54528
41102,45333,53312,60253
41129,46596,55012,57263
41249,52786,52790,53025
41269,44035,50432,64264
41302,50472,53940,54286
41331,44669,56869,57131
41346,45871,49389,63394
41365,46102,55729,56804
41398,41469,58269,58864
41442,51704,53006,53848
41460,48655,54481,55404
41522,46197,52923,59358
41524,49002,49660,59814
41532,42713,57442,58313
41566,47184,53262,57988
41574,42294,48774,67358
41622,46234,54368,57776
41687,46598,54438,57277
41754,50963,53110,54173
41792,42710,51247,64251
41904,50599,53375,54122
41937,42802,47936,67325
41943,47370,49371,61316
41961,43939,48969,65131
41966,46240,47698,64096
41971,46646,55516,55867
42075,47602,52234,58089
42084,42799,52839,62278
42223,49367,53823,54587
42250,44087,52969,60694
42265,42783,55730,59222
42306,42845,54644,60205
42357,47705,53448,56490
42386,43708,56767,57139
42398,45030,47795,64777
42417,45402,53103,59078
42422,44738,50390,62450
42442,42473,54457,60628
42474,47890,54712,54924
42493,45188,53416,58903
42552,47379,48409,61660
42568,46354,55233,55845
42593,52223,52520,52664
42658,43702,53085,60555
42692,44289,56345,56674
42707,48145,50065,59083
42723,45106,50661,61510
42767,46679,50550,60004
42790,48303,51831,57076
42813,50040,52806,54341
42821,50224,51427,55528
43026,46976,54792,55206
43111,48451,53208,55230
43156,43874,46177,66793
43194,45796,55196,55814
43295,47387,54395,54923
43395,44311,49001,63293
43478,48640,53527,54355
43485,44157,44187,68061
43556,47946,53003,55495
43596,44558,55462,56384
43611,44162,55816,56411
43619,47402,52731,56248
43632,49380,53281,53707
43732,45370,54985,55913
43743,47165,53815,55277
43745,45094,53870,57291
43800,46923,51308,57969
43854,44082,55464,56600
43873,50489,50930,54708
43901,46187,46488,63424
43940,46089,54676,55295
43966,51085,51835,53114
44004,45103,46940,63953
44090,50206,51987,53717
44097,46843,47068,61992
44168,45321,54953,55558
44215,49526,52162,54097
44231,47519,53184,55066
44235,45403,49271,61091
44256,46420,50449,58875
44272,47328,51558,56842
44288,48469,53401,53842
44302,49079,51738,54881
44423,46885,51819,56873
44434,48119,49559,57888
44482,46154,53976,55388
44526,49883,52036,53555
44557,45602,54680,55161
44569,47650,53195,54586
44622,47058,47616,60704
44696,45244,45494,62811
44699,49492,52312,53497
44717,46916,47808,60559
44799,48967,52858,53376
44819,47850,51916,55415
44833,47005,51059,57103
45019,50306,51140,53535
45057,48703,52103,54137
45180,49925,51951,52944
45215,46584,52951,55250
45255,45538,50514,58693
45270,47674,48737,58319
45271,46517,49921,58291
45397,50237,51581,52785
45424,50601,50863,53112
45471,45595,53620,55314
45489,45692,53777,55042
45517,47412,53108,53963
45599,46542,49752,58107
45631,49454,50606,54309
45856,46206,51765,56173
45902,50030,50649,53419
46002,49235,50920,53843
46009,47173,50718,56100
46141,50422,50617,52820
46223,49618,51636,52523
46362,49719,51891,52028
46371,46495,46690,60362
46543,47610,51127,54720
46823,50046,50639,52492
46913,48514,49658,54915
46967,47234,51319,54480
47057,48253,50909,53781
47196,47251,47938,52901
47220,49176,50560,53044
47242,48920,51114,52724
47769,47926,51525,52780
47794,48711,51527,51968
48037,48115,48877,50577
48327,48731,49716,53226
48530,49191,49565,52714
